sale_id,sale_date,product,category,quantity,amount
S001,2026-09-01,Laptop,Electronics,2,130000
S002,2026-09-01,Mouse,Accessories,10,10000
S003,2026-09-01,Keyboard,Accessories,5,10000
S004,2026-09-02,Mobile,Electronics,4,100000
S005,2026-09-02,Headphones,Accessories,8,24000
S006,2026-09-02,Monitor,Electronics,3,54000
S007,2026-09-03,Laptop,Electronics,1,65000
S008,2026-09-03,Keyboard,Accessories,7,14000
S009,2026-09-03,Mobile,Electronics,2,50000
S010,2026-09-04,Monitor,Electronics,2,36000
S011,2026-09-04,Mouse,Accessories,15,15000
S012,2026-09-04,Headphones,Accessories,5,15000
S013,2026-09-05,Laptop,Electronics,3,195000
S014,2026-09-05,Mobile,Electronics,5,125000
S015,2026-09-05,Keyboard,Accessories,10,20000