transaction_id,customer_id,product_id,transaction_date,quantity,unit_price,status
T001,C001,P001,2026-10-01,2,1200,COMPLETED
T002,C002,P002,2026-10-01,1,2500,COMPLETED
T003,C003,P003,2026-10-01,3,800,COMPLETED
T004,C004,P004,2026-10-01,1,1500,COMPLETED
T005,C005,P005,2026-10-01,2,600,CANCELLED
T006,C001,P003,2026-10-02,2,800,COMPLETED
T007,C002,P001,2026-10-02,1,1200,COMPLETED
T008,C006,P002,2026-10-02,2,2500,COMPLETED
T009,C003,P004,2026-10-02,-1,1500,COMPLETED
T010,C004,P005,2026-10-02,3,600,COMPLETED
T011,C005,P001,2026-10-03,1,1200,COMPLETED
T012,C006,P003,2026-10-03,2,800,COMPLETED
T013,C001,P004,2026-10-03,1,1500,COMPLETED
T014,C002,P005,2026-10-03,4,600,COMPLETED
T015,C003,P002,2026-10-03,1,2500,COMPLETED
T016,C004,P001,2026-10-04,2,1200,COMPLETED
T017,C005,P003,2026-10-04,1,800,COMPLETED
T018,C006,P004,2026-10-04,2,1500,COMPLETED
T019,C001,P002,2026-10-04,1,2500,COMPLETED
T020,C002,P005,2026-10-04,2,600,COMPLETED